专业,地点,发布时间,薪资,工作经验,学历
Python,广州·天河区,发布于09月14日,10-15K,1-3年,大专
Python,广州·天河区,发布于01月09日,10-15K,1-3年,大专
Python,广州·黄埔区,发布于08月31日,10-13K,1-3年,大专
Python,广州·天河区,发布于08月14日,10-20K,1-3年,大专
python,广州,发布于03月03日,6-11K,1-3年,大专
Python,广州·越秀区,发布于03月29日,7-8K,1-3年,大专
Python,广州·天河区,发布于04月03日,6-10K,1-3年,大专
Python,广州·增城区,发布于04月07日,13-18K,1-3年,本科
Python,广州·白云区,发布于12月06日,10-11K,1-3年,本科
Python,广州·越秀区,发布于07月15日,6-10K,1年以内,本科
Python,广州,发布于02月03日,13-26K,1-3年,本科
Python,广州,发布于02月20日,10-15K,1-3年,本科
Python,广州·越秀区,发布于10月07日,16-23K,1年以内,本科
Python,广州·天河区,发布于08月01日,10-15K,1-3年,本科
Python,广州,发布于02月24日,8-11K,1-3年,本科
Python,广州·天河区,发布于09月30日,12-18K·15薪,1-3年,本科
Python,广州·海珠区,发布于12月23日,8-12K,1-3年,本科
Python,广州·天河区,发布于02月20日,6-8K,1-3年,本科
Python,广州·天河区,发布于05月22日,12-15K,1-3年,本科
Python,广州·海珠区,发布于09月05日,15-20K,1-3年,本科
Python工程师,广州·海珠区,发布于02月05日,10-15K,1-3年,大专
Python工程师,广州·荔湾区,发布于12月13日,10-15K·13薪,1-3年,本科
Python工程师,广州·天河区,发布于12月23日,5-9K,1-3年,大专
python工程师,广州,发布于12月25日,5-8K·13薪,1-3年,大专
python讲师,广州·天河区,发布于09月19日,10-15K,1-3年,大专
python后端,广州,发布于03月02日,7-10K,1-3年,大专
python工程师,广州·天河区,发布于12月17日,11-14K,1-3年,本科
Python工程师,广州,发布于11月08日,10-15K,1-3年,本科
Python工程师,广州·海珠区,发布于02月01日,7-12K,1-3年,本科
Python工程师,广州·海珠区,发布于07月11日,4-8K,1年以内,本科
python工程师,广州·番禺区,发布于01月11日,6-10K,1-3年,本科
Python工程师,广州·番禺区,发布于01月09日,11-20K,1-3年,本科
Python老师,广州·白云区,发布于06月13日,6-10K,1-3年,本科
python 开发工程师,广州·南沙区,发布于09月26日,7-12K,1-3年,大专
python逆向工程师,广州,发布于03月04日,15-25K,1-3年,大专
python 开发工程师,广州·越秀区,发布于02月20日,6-11K,1-3年,大专
软件工程师python,广州·黄埔区,发布于07月02日,10-11K·14薪,1-3年,本科
Python实习生,广州,发布于02月26日,80-100/天,3天/周,5个月<em class="vline"></em>本科
python后台开发工程师,广州·天河区,发布于02月24日,14-15K,1-3年,大专
Python程序员,广州·黄埔区,发布于07月27日,6-12K,1-3年,本科
Python网页后端,广州·天河区,发布于11月18日,7-12K,1-3年,本科
python后台开发工程师,广州·天河区,发布于02月24日,10-15K,1-3年,大专
python后台开发工程师,广州,发布于02月24日,10-15K,1-3年,大专
Python 研发工程师,广州·越秀区,发布于12月25日,8-12K,1-3年,学历不限
python后端工程师,广州·海珠区,发布于02月11日,9-13K,1-3年,本科
python后端实习,广州·天河区,发布于01月08日,80-150/天,3天/周,3个月<em class="vline"></em>学历不限
python网页后端,广州·天河区,发布于04月02日,8-12K,1-3年,本科
Python网页后端,广州·天河区,发布于04月19日,6-10K,1-3年,本科
python初级工程师,广州·天河区,发布于08月13日,3-4K,1年以内,本科
Python中级工程师,广州·天河区,发布于02月24日,8-13K·13薪,1-3年,本科
python后端工程师,广州·黄埔区,发布于12月30日,10-11K,1-3年,本科
Python后端实习,广州·番禺区,发布于01月08日,80-150/天,3天/周,3个月<em class="vline"></em>学历不限
Python云计算,广州·番禺区,发布于03月08日,10-20K,1-3年,本科
Php#Python#ERP工程师,广州,发布于15:30,8-13K,1-3年,大专
Python ERP程序开发工程师,广州,发布于02月29日,7-10K,1-3年,大专
python运维工程师,广州·天河区,发布于02月26日,9-14K,1-3年,大专
python服务端开发工程师,广州·天河区,发布于07月16日,18-28K,1-3年,本科
python web开发工程师,广州,发布于01月09日,5-10K,1年以内,大专
Python高级开发工程师,广州·黄埔区,发布于03月26日,10-15K,1-3年,本科
Python django后端工程师,广州·白云区,发布于11月22日,9-13K·13薪,1-3年,本科
Python高级开发工程师,广州·黄埔区,发布于09月02日,6-11K,1-3年,学历不限
python运维工程师,广州·天河区,发布于03月02日,8-12K,1-3年,大专
Python服务端开发工程师,广州·天河区,发布于09月18日,18-28K·16薪,1-3年,本科
Python讲师,广州·越秀区,发布于09月30日,10-15K,1-3年,本科
软件工程师（Python）,广州·黄埔区,发布于12月17日,10-15K·13薪,1-3年,本科
python工程师-RPA方向,广州,发布于01月09日,9-14K·13薪,1-3年,本科
Python后端开发工程师,广州,发布于02月25日,10-15K,1-3年,本科
Python工程师,广州·天河区,发布于11月13日,8-13K,1-3年,本科
手游Python服务端开发工程师,广州·天河区,发布于11月27日,15-20K,1-3年,本科
兼职Python讲师--视频录制讲师,广州·海珠区,发布于12月08日,12-13K,1-3年,大专
Python 后端开发工程师,广州,发布于07月30日,15-25K·15薪,1-3年,本科
Python量化机器人开发(兼职),广州·越秀区,发布于05月05日,10-15K,1-3年,学历不限
python研发工程师实习生,广州·天河区,发布于10月15日,6-9K,应届生,学历不限
python游戏服务器开发,广州·番禺区,发布于02月19日,8-12K·13薪,1-3年,本科
python软件开发工程师,广州,发布于03月03日,10-15K,1-3年,本科
python后端开发工程师,广州·白云区,发布于03月25日,9-14K,1-3年,本科
Python大数据开发工程师,广州,发布于12月13日,10-15K,1-3年,本科
Python高级开发工程师（多名）,广州·天河区,发布于12月20日,6-12K,1-3年,大专
python后端工程师J10588,广州,发布于昨天,10-15K·14薪,1-3年,本科
实习Odoo(Python)后端工程师,广州·番禺区,发布于01月04日,110-170/天,6天/周,6个月<em class="vline"></em>大专
初级Python后端开发工程师,广州·海珠区,发布于01月22日,8-12K,应届生,本科
Python 爬虫工程师,广州·番禺区,发布于07月12日,12-20K,1-3年,本科
python转游戏客户端cocos2d,广州·天河区,发布于12月06日,10-20K,1-3年,本科
Python 实习生 （只限211 985）,广州·番禺区,发布于12月19日,130-200/天,5天/周,4个月<em class="vline"></em>本科
Python机器学习工程师,广州,发布于02月24日,12-20K·13薪,1-3年,本科
python后端开发工程师（云鞋淘项目）,广州·荔湾区,发布于04月24日,10-20K,1-3年,学历不限
python web前端,广州·海珠区,发布于07月28日,4-8K,1年以内,本科
运维（python）实习生,广州,发布于12月09日,150-200/天,5天/周,6个月<em class="vline"></em>本科
讲师（Scratch/Python/C++）,广州·天河区,发布于09月30日,10-15K,1-3年,本科
少儿编程Python/C++讲师,广州,发布于02月27日,6-10K,1-3年,本科
少儿编程讲师-scratch/python/c++,广州,发布于10月11日,6-11K·13薪,1-3年,本科
在线少儿编程教师（python&amp;图形化）,广州,发布于01月31日,9-13K,1-3年,本科
全栈开发工程师前端小程序+后端Java/python,广州·天河区,发布于08月02日,6-8K,1-3年,大专
高级服务器开发（golang/C++/python）,广州·天河区,发布于11月12日,15-25K·15薪,1-3年,本科
UI开发工程师-合作产品,广州,发布于10月16日,7-10K·13薪,1-3年,大专
Python爬虫工程师,广州·天河区,发布于02月22日,10-15K,1-3年,大专
游戏双端开发,广州,发布于03月03日,8-12K·13薪,1-3年,大专
Python开发工程师,广州,发布于02月28日,7-12K,1-3年,大专
爬虫工程师,广州·越秀区,发布于11月05日,10-15K,1-3年,大专
UI开发工程师（网易）,广州·天河区,发布于10月15日,7-10K·13薪,1-3年,大专
Python开发工程师,广州,发布于12月06日,5-6K,1-3年,大专
Python开发工程师,广州,发布于12月06日,6-10K,1-3年,大专
Python开发工程师（初级）,广州·天河区,发布于12月17日,6-10K,1-3年,大专
爬虫工程师,广州,发布于02月24日,8-10K,1-3年,大专
Python开发工程师,广州,发布于02月03日,15-20K,1-3年,大专
服务端开发工程师,广州·天河区,发布于11月25日,15-25K·16薪,1-3年,本科
游戏玩法开发工程师,广州·天河区,发布于08月26日,8-13K·13薪,1-3年,本科
手游服务端开发工程师,广州·天河区,发布于07月09日,15-30K,1-3年,本科
Windows自动化开发工程师,广州·天河区,发布于12月11日,8-13K·13薪,1-3年,本科
服务端开发工程师,广州,发布于08月06日,15-30K,1-3年,本科
爬虫工程师,广州·天河区,发布于09月27日,15-25K,1-3年,本科
爬虫工程师,广州,发布于02月21日,12-16K,1-3年,大专
游戏编辑器研发工程师,广州,发布于02月11日,10-15K·13薪,1-3年,本科
Python开发工程师（兼职）,广州·番禺区,发布于07月05日,7-8K,1-3年,大专
手游平台开发工程师（服务端）,广州·天河区,发布于07月16日,17-27K,1-3年,本科
3D开发工程师,广州·海珠区,发布于10月23日,10-16K,1-3年,大专
python开发运维工程师,广州·天河区,发布于02月17日,8-11K,1-3年,大专
客户端技术支持工程师,广州,发布于02月26日,10-15K·13薪,1-3年,本科
ue4客户端开发（1-3年经验）,广州·天河区,发布于01月02日,15-30K·16薪,1-3年,本科
爬虫开发工程师,广州·番禺区,发布于06月27日,10-15K,1-3年,大专
UI开发工程师,广州·天河区,发布于02月12日,10-15K·13薪,1-3年,本科
Python开发工程师,广州·天河区,发布于09月25日,10-15K,1-3年,大专
爬虫工程师,广州·番禺区,发布于06月27日,10-15K,1年以内,大专
大数据平台开发工程师,广州·天河区,发布于10月15日,15-25K·16薪,1-3年,本科
后端开发工程师,广州·天河区,发布于11月14日,20-30K·16薪,1年以内,本科
爬虫工程师,广州·天河区,发布于09月27日,15-25K,1-3年,本科
爬虫工程师,广州·番禺区,发布于02月24日,4-9K,1-3年,大专
python开发工程师/需求分析工程师,广州·荔湾区,发布于02月09日,8-13K,1-3年,本科
Python开发工程师,广州,发布于12月28日,7-12K,1-3年,大专
RPA场景开发工程师（驻点汕尾）,广州·天河区,发布于12月10日,6-8K,1-3年,大专
BI后台开发工程师,广州·天河区,发布于08月06日,11-22K,1-3年,本科
游戏客户端开发,广州·天河区,发布于01月21日,15-25K,1-3年,本科
后端开发工程师,广州·海珠区,发布于03月04日,7-10K,1-3年,大专
手游服务端开发(在研MMO),广州·天河区,发布于12月21日,18-25K·16薪,1-3年,本科
BI后台开发工程师,广州,发布于09月27日,15-25K,1-3年,本科
python开发工程师,广州·黄埔区,发布于10月30日,8-13K,1-3年,大专
Python开发工程师,广州,发布于02月10日,15-20K,1-3年,大专
Python开发工程师,广州·天河区,发布于01月08日,15-20K,1-3年,本科
主机游戏自动化开发工程师,广州·天河区,发布于12月11日,8-13K·13薪,1-3年,本科
Python开发工程师,广州·天河区,发布于10月30日,20-30K·16薪,1-3年,本科
游戏编辑器研发工程师,广州·天河区,发布于11月28日,10-15K·13薪,1-3年,本科
软件工程师,广州·天河区,发布于12月13日,7-10K,1-3年,大专
Python开发工程师,广州·天河区,发布于12月17日,5-8K,1-3年,大专
Python开发工程师,广州·黄埔区,发布于07月24日,10-15K,1-3年,本科
Python开发工程师,广州·天河区,发布于09月25日,8-13K,1-3年,本科
爬虫工程师,广州·天河区,发布于10月16日,10-15K,1-3年,本科
爬虫工程师,广州·海珠区,发布于03月15日,20-35K,1-3年,本科
爬虫工程师,广州·海珠区,发布于12月19日,15-25K,1-3年,本科
Python爬虫研发工程师,广州·黄埔区,发布于10月28日,10-15K·13薪,1-3年,本科
Windows自动化开发工程师,广州·天河区,发布于12月12日,8-13K,1-3年,本科
游戏服务端研发工程师（01）,广州·黄埔区,发布于07月29日,12-24K,1-3年,本科
客户端游戏开发工程师,广州,发布于12月02日,10-15K·13薪,应届生,本科
Python爬虫研发工程师,广州·黄埔区,发布于04月29日,9-14K,1-3年,本科
Windows自动化开发工程师,广州·天河区,发布于09:49,10-15K·13薪,1-3年,本科
Python爬虫研发工程师,广州,发布于01月06日,10-15K·13薪,1-3年,本科
服务器端开发工程师,广州·增城区,发布于06月05日,13-24K,1-3年,本科
web后台软件工程师,广州·增城区,发布于11月04日,15-30K,1-3年,本科
Python爬虫研发工程师,广州,发布于12月09日,11-20K·13薪,1-3年,本科
爬虫工程师,广州·海珠区,发布于01月08日,10-15K·13薪,1-3年,本科
游戏研发工程师,广州·黄埔区,发布于09月25日,15-30K,1-3年,本科
游戏客户端开发工程师,广州·黄埔区,发布于07月01日,10-20K,1-3年,本科
测试开发,广州·天河区,发布于02月24日,8-13K·13薪,1-3年,本科
游戏编辑器开发,广州·天河区,发布于12月26日,9-14K·13薪,1-3年,本科
测试开发,广州,发布于10月08日,9-12K·13薪,1-3年,本科
Python开发工程师,广州,发布于07月03日,10-15K·13薪,1-3年,本科
Python开发,广州·天河区,发布于10月31日,8-13K·13薪,1-3年,本科
逻辑程序开发,广州·天河区,发布于10月09日,8-13K·13薪,1-3年,本科
后台工程师,广州·番禺区,发布于01月15日,14-28K·14薪,1-3年,本科
游戏编辑器研发工程师,广州·天河区,发布于12月27日,8-13K·13薪,1-3年,本科
资深后台开发工程师,广州·天河区,发布于07月31日,15-30K·15薪,1-3年,本科
后台工程师,广州·天河区,发布于12月06日,10-18K,1-3年,本科
游戏玩法开发工程师,广州·天河区,发布于07月04日,8-13K·13薪,1-3年,本科
Python开发（外包网易）,广州·天河区,发布于07月04日,8-13K·13薪,1-3年,本科
后端工程师（IT系统）(J10413),广州·番禺区,发布于12月06日,12-17K·14薪,1-3年,本科
RPA机器人流程自动化开发工程师,广州·天河区,发布于02月21日,6-11K,1-3年,本科
web后端开发-大话 （网易）,广州,发布于10月12日,8-13K·13薪,1-3年,本科
Windows自动化开发工程师,广州·天河区,发布于11月28日,8-13K·13薪,1-3年,本科
主机游戏自动化开发工程师（外包网易）,广州·天河区,发布于11月28日,10-15K·13薪,1-3年,本科
Windows自动化开发工程师,广州·天河区,发布于11月28日,8-13K·13薪,1-3年,本科
主机游戏自动化开发工程师,广州·天河区,发布于11月28日,8-13K·13薪,1-3年,本科
python开发工程师,广州·越秀区,发布于12月27日,6-10K·13薪,1-3年,本科
游戏客户端开发工程师（初级）,广州·天河区,发布于09月05日,8-12K·13薪,1-3年,本科
后端实习生(J10557),广州·番禺区,发布于12月31日,90-100/天,3天/周,3个月<em class="vline"></em>本科
游戏服务端开发工程师（网易）,广州·天河区,发布于11月04日,10-12K·13薪,1-3年,本科
游戏玩法开发工程师,广州·天河区,发布于07月04日,8-13K·13薪,1-3年,本科
逻辑程序开发（网易）,广州·天河区,发布于07月11日,8-13K·13薪,1-3年,本科
爬虫工程师,广州·天河区,发布于01月28日,8-12K,1-3年,本科
游戏编辑器研发工程师,广州·天河区,发布于03月04日,8-13K,1-3年,本科
后端工程师（IT系统）,广州·番禺区,发布于07月24日,10-15K·14薪,1-3年,本科
逻辑程序开发,广州·天河区,发布于07月31日,8-13K·13薪,1-3年,本科
爬虫工程师,广州·番禺区,发布于12月29日,10-18K,1-3年,本科
后端实习生(J10556),广州·番禺区,发布于12月19日,80-100/天,3天/周,3个月<em class="vline"></em>本科
量化开发实习生,广州·白云区,发布于12月30日,150-200/天,4天/周,6个月<em class="vline"></em>本科
【校招】Python开发工程师,广州·番禺区,发布于12月09日,9-13K·14薪,应届生,本科
python开发工程师,广州,发布于10月25日,6-11K·13薪,1年以内,本科
爬虫工程师,广州·番禺区,发布于11月27日,11-20K·15薪,1-3年,本科
逻辑程序开发（外包网易）,广州·天河区,发布于08月21日,9-14K·13薪,1-3年,本科
Web后端开发工程师,广州·番禺区,发布于04月02日,10-13K,1-3年,本科
深度包解析工程师/信令分析工程师,广州·天河区,发布于06月29日,5-7K,1-3年,本科
python开发工程师,广州·天河区,发布于02月27日,7-10K,1-3年,本科
Python开发工程师,广州,发布于10月29日,12-18K,1-3年,本科
后台工程师（游戏）,广州·天河区,发布于12月11日,12-24K,1-3年,本科
算法工程师（购买六险+双休）,广州·南沙区,发布于02月18日,6-11K,1-3年,本科
游戏编辑器研发工程师（外包网易）,广州,发布于11月28日,9-14K·13薪,1-3年,本科
客户端游戏开发工程师（初级）,广州,发布于09月19日,10-12K·13薪,1-3年,本科
游戏服务端开发工程师（初级）（外包网易）,广州·天河区,发布于09月06日,10-12K·13薪,1-3年,本科
后端开发工程师(J10385),广州·番禺区,发布于12月21日,10-15K·14薪,1-3年,本科
游戏玩法开发工程师（外包网易）,广州·天河区,发布于07月10日,8-13K·13薪,1-3年,本科
游戏服务端开发工程师（初级）,广州·天河区,发布于09月03日,8-12K·13薪,1-3年,本科
UI开发工程师-合作产品,广州,发布于12月27日,7-10K·13薪,1-3年,本科
Python开发工程师,广州,发布于02月26日,11-20K,1-3年,本科
全栈开发,广州,发布于02月19日,10-15K,1-3年,本科
主机游戏自动化开发工程师（网易外包）,广州·天河区,发布于11月28日,9-14K·13薪,1-3年,本科
python开发工程师（运维）,广州·天河区,发布于03月11日,15-30K,1-3年,本科
客户端技术支持工程师（外包网易）,广州·天河区,发布于02月18日,10-15K·13薪,1-3年,本科
服务端游戏开发工程师（初级）,广州,发布于09月19日,8-12K·13薪,1-3年,本科
游戏玩法开发工程师（网易）,广州·天河区,发布于07月10日,8-13K·13薪,1-3年,本科
python开发工程师,广州,发布于02月28日,8-13K·14薪,1-3年,本科
Python爬虫工程师,广州,发布于02月25日,7-10K·13薪,1-3年,学历不限
Python开发工程师,广州,发布于02月25日,7-12K,1-3年,本科
python开发工程师,广州,发布于09月27日,5-7K,1-3年,本科
逻辑程序开发（网易）,广州·天河区,发布于01月03日,9-14K·13薪,1-3年,本科
客户端技术支持工程师  （外包网易）,广州·天河区,发布于01月08日,10-15K·13薪,1-3年,本科
后台开发工程师,广州·番禺区,发布于12月29日,12-24K,1-3年,本科
游戏编辑器研发工程师（网易）,广州·天河区,发布于12月26日,10-15K·13薪,1-3年,本科
Web 后端工程师,广州·番禺区,发布于07月12日,12-20K,1-3年,本科
游戏玩法开发工程师,广州,发布于01月03日,8-13K,1-3年,本科
后端工程师(J10503),广州·番禺区,发布于09月19日,12-20K·14薪,1-3年,本科
游戏服务端开发工程师（初级）,广州·天河区,发布于09月02日,10-12K·13薪,1-3年,本科
爬虫工程师,广州·番禺区,发布于09月27日,10-15K,1-3年,本科
python开发工程师（RPA方向）,广州,发布于01月10日,9-14K,1-3年,本科
量化开发工程师,广州·白云区,发布于12月30日,15-20K·20薪,1-3年,本科
主机游戏自动化开发工程师,广州·天河区,发布于11月28日,9-14K·13薪,1-3年,本科
测试开发-mmo,广州·天河区,发布于01月16日,7-10K·13薪,1-3年,本科
python开发工程师,广州·天河区,发布于12月27日,8-13K,1-3年,本科
游戏编辑器研发工程师（网易外包）,广州·天河区,发布于11月29日,9-14K·13薪,1-3年,本科
后端Python开发工程师,广州·海珠区,发布于09月10日,15-25K,1-3年,本科
Python开发工程师,广州·天河区,发布于11月02日,6-11K,1年以内,高中
python开发工程师,广州,发布于09月26日,11-20K,1-3年,本科
Python开发工程师,广州·天河区,发布于09月22日,10-15K,1-3年,本科
生物信息,广州·番禺区,发布于12月04日,10-15K,1-3年,本科
Python开发工程师,广州·天河区,发布于10:43,12-16K,1-3年,本科
高级开发工程师,广州·越秀区,发布于04月02日,8-12K,1-3年,本科
Python开发工程师,广州·天河区,发布于08月14日,10-16K,1-3年,本科
软件工程师 – 应用,广州,发布于02月12日,8-13K,1-3年,本科
Python开发工程师,广州·海珠区,发布于05月14日,6-8K,1-3年,本科
研发工程师（odoo erp）,广州,发布于03月03日,8-13K,1-3年,本科
研发工程师（odoo erp),广州,发布于03月03日,8-13K,1-3年,本科
软件开发高级工程师,广州,发布于01月11日,8-13K·24薪,1-3年,本科
RPA开发工程师（广州）,广州·天河区,发布于02月05日,8-12K,1-3年,本科
Python开发工程师,广州·番禺区,发布于11月13日,5-7K,1-3年,本科
爬虫工程师,广州·越秀区,发布于03月02日,10-15K,1-3年,本科
软件工程师,广州·海珠区,发布于01月31日,10-15K,1-3年,本科
AI算法工程师,广州·越秀区,发布于12月06日,12-18K,1-3年,本科
后端技术,广州,发布于03月02日,5-10K,1-3年,学历不限
爬虫工程师,广州,发布于03月04日,8-10K,1-3年,本科
Python开发工程师,广州·天河区,发布于11月18日,10-12K,1-3年,本科
Linux开源软件工程师,广州·天河区,发布于12月05日,15-30K,1-3年,本科
后端程序,广州,发布于12月17日,7-12K·24薪,1-3年,学历不限
后台开发工程师,广州·番禺区,发布于08月26日,11-19K,1-3年,本科
Python开发工程师,广州·天河区,发布于04月10日,8-12K,1年以内,本科
web后端工程师,广州·天河区,发布于03月14日,5-10K,1-3年,本科
AI 后台服务开发,广州·天河区,发布于04月11日,8-16K,1-3年,本科
爬虫工程师,广州·天河区,发布于02月01日,8-13K,1-3年,本科
Python开发工程师,广州,发布于02月27日,9-15K·13薪,1-3年,本科
初级服务端开发工程师,广州,发布于01月16日,6-10K·13薪,1-3年,本科
量化研究员,广州·越秀区,发布于06月17日,7-8K,1-3年,本科
后端,广州·番禺区,发布于04月11日,10-20K,1-3年,本科
Python开发工程师,广州·南沙区,发布于02月23日,8-10K·13薪,1-3年,本科
后端研发实习生,广州,发布于09月11日,120-170/天,5天/周,3个月<em class="vline"></em>本科
研发经理（odoo erp）,广州,发布于02月28日,12-20K,1-3年,本科
量化系统开发工程师,广州·天河区,发布于07月20日,15-25K,1-3年,本科
爬虫工程师,广州·天河区,发布于05月17日,20-40K,1年以内,本科
软件工程师,广州·天河区,发布于08月03日,7-12K,1-3年,本科
Python爬虫工程师,广州·白云区,发布于06月18日,10-13K,1-3年,本科
Python开发工程师,广州·海珠区,发布于02月15日,15-21K,1-3年,本科
Python开发工程师,广州,发布于02月10日,9-14K,1-3年,本科
后台开发工程师,广州,发布于11月27日,25-40K,1-3年,本科
Python开发实习,广州,发布于10月12日,100-150/天,5天/周,6个月<em class="vline"></em>本科
后台开发,广州,发布于02月19日,7-12K,1-3年,本科
人工智能工程师,广州·天河区,发布于07月18日,10-15K,1-3年,本科
服务端工程师,广州·番禺区,发布于11月16日,10-20K,1-3年,本科
后端工程师,广州,发布于03月04日,9-13K,1-3年,本科
Python开发(兼职),广州·天河区,发布于05月05日,3-5K,1-3年,学历不限
诚聘python开发工程师,广州·天河区,发布于08月19日,8-13K,1-3年,中专/中技
网络爬虫兼职工程师,广州·黄埔区,发布于12月03日,2-7K,1-3年,学历不限
python开发工程师,广州,发布于03月02日,11-18K,1-3年,本科
后端研发实习生,广州,发布于09月11日,120-170/天,5天/周,3个月<em class="vline"></em>本科
研发经理（odoo erp）,广州,发布于02月28日,12-20K,1-3年,本科
量化系统开发工程师,广州·天河区,发布于07月20日,15-25K,1-3年,本科
爬虫工程师,广州·天河区,发布于05月17日,20-40K,1年以内,本科
软件工程师,广州·天河区,发布于08月03日,7-12K,1-3年,本科
Python爬虫工程师,广州·白云区,发布于06月18日,10-13K,1-3年,本科
Python开发工程师,广州·海珠区,发布于02月15日,15-21K,1-3年,本科
Python开发工程师,广州,发布于02月10日,9-14K,1-3年,本科
后台开发工程师,广州,发布于11月27日,25-40K,1-3年,本科
Python开发实习,广州,发布于10月12日,100-150/天,5天/周,6个月<em class="vline"></em>本科
后台开发,广州,发布于02月19日,7-12K,1-3年,本科
人工智能工程师,广州·天河区,发布于07月18日,10-15K,1-3年,本科
服务端工程师,广州·番禺区,发布于11月16日,10-20K,1-3年,本科
后端工程师,广州,发布于03月04日,9-13K,1-3年,本科
Python开发(兼职),广州·天河区,发布于05月05日,3-5K,1-3年,学历不限
诚聘python开发工程师,广州·天河区,发布于08月19日,8-13K,1-3年,中专/中技
网络爬虫兼职工程师,广州·黄埔区,发布于12月03日,2-7K,1-3年,学历不限
python开发工程师,广州,发布于03月02日,11-18K,1-3年,本科
后端研发实习生,广州,发布于09月11日,120-170/天,5天/周,3个月<em class="vline"></em>本科
研发经理（odoo erp）,广州,发布于02月28日,12-20K,1-3年,本科
量化系统开发工程师,广州·天河区,发布于07月20日,15-25K,1-3年,本科
爬虫工程师,广州·天河区,发布于05月17日,20-40K,1年以内,本科
软件工程师,广州·天河区,发布于08月03日,7-12K,1-3年,本科
Python爬虫工程师,广州·白云区,发布于06月18日,10-13K,1-3年,本科
Python开发工程师,广州·海珠区,发布于02月15日,15-21K,1-3年,本科
Python开发工程师,广州,发布于02月10日,9-14K,1-3年,本科
后台开发工程师,广州,发布于11月27日,25-40K,1-3年,本科
Python开发实习,广州,发布于10月12日,100-150/天,5天/周,6个月<em class="vline"></em>本科
后台开发,广州,发布于02月19日,7-12K,1-3年,本科
人工智能工程师,广州·天河区,发布于07月18日,10-15K,1-3年,本科
服务端工程师,广州·番禺区,发布于11月16日,10-20K,1-3年,本科
后端工程师,广州,发布于03月04日,9-13K,1-3年,本科
Python开发(兼职),广州·天河区,发布于05月05日,3-5K,1-3年,学历不限
诚聘python开发工程师,广州·天河区,发布于08月19日,8-13K,1-3年,中专/中技
网络爬虫兼职工程师,广州·黄埔区,发布于12月03日,2-7K,1-3年,学历不限
python开发工程师,广州,发布于03月02日,11-18K,1-3年,本科
